Date,Clicks,Impressions,CTR,Position
2026-06-21,0,8,0%,18.2
2026-06-22,1,41,2.44%,22
2026-06-23,0,10,0%,34.8
2026-06-24,0,14,0%,28.6
2026-06-25,1,10,10%,22.4
2026-06-26,2,16,12.5%,17.7
2026-06-27,0,10,0%,44.9
2026-06-28,0,7,0%,4.1
2026-06-29,2,32,6.25%,11
2026-06-30,0,11,0%,12.8
2026-07-01,0,15,0%,11.3
2026-07-02,1,22,4.55%,13.9
2026-07-03,0,29,0%,7.8
2026-07-04,1,16,6.25%,13.8
2026-07-05,1,12,8.33%,14.5
2026-07-06,0,10,0%,7.7
2026-07-07,1,16,6.25%,15.6
2026-07-08,0,14,0%,11.7
2026-07-09,0,24,0%,13.5
2026-07-10,1,38,2.63%,13.4
2026-07-11,2,30,6.67%,10.9
2026-07-12,1,28,3.57%,15.2
2026-07-13,0,29,0%,13.8
2026-07-14,0,22,0%,12.4
2026-07-15,0,14,0%,13.8
2026-07-16,3,25,12%,10.6
2026-07-17,1,23,4.35%,12
2026-07-18,1,35,2.86%,10.2
2026-07-19,0,21,0%,13.7
2026-07-20,1,24,4.17%,7.2
2026-07-21,0,26,0%,17.5
2026-07-22,1,52,1.92%,12.2
2026-07-23,0,30,0%,12.2
2026-07-24,2,30,6.67%,8.3
2026-07-25,1,28,3.57%,6.1
2026-07-26,1,31,3.23%,10
2026-07-27,1,16,6.25%,11.2
2026-07-28,0,25,0%,15.5
2026-07-29,0,21,0%,12.8
2026-07-30,0,22,0%,12.2
2026-07-31,2,19,10.53%,10.4
2026-08-01,0,19,0%,10.1
2026-08-02,0,16,0%,12.6
2026-08-03,2,19,10.53%,16.2
2026-08-04,0,22,0%,10
2026-08-05,1,39,2.56%,15.8
2026-08-06,0,15,0%,14.3
2026-08-07,0,19,0%,17.4
2026-08-08,1,24,4.17%,12.3
2026-08-09,0,23,0%,12.6
2026-08-10,1,23,4.35%,16.6
2026-08-11,1,25,4%,21.3
2026-08-12,1,26,3.85%,23.5
2026-08-13,0,30,0%,26.3
2026-08-14,0,28,0%,26
2026-08-15,2,22,9.09%,27.4
2026-08-16,1,26,3.85%,22.6
2026-08-17,1,25,4%,17.9
2026-08-18,0,22,0%,22.9
2026-08-19,1,26,3.85%,23.7
2026-08-20,0,22,0%,22.2
2026-08-21,0,24,0%,29.2
2026-08-22,1,25,4%,33.2
2026-08-23,1,33,3.03%,36.2
2026-08-24,0,38,0%,31.8
2026-08-25,1,39,2.56%,33.5
2026-08-26,0,26,0%,37.3
2026-08-27,0,39,0%,30.4
2026-08-28,0,30,0%,41.4
2026-08-29,1,69,1.45%,33.2
2026-08-30,3,146,2.05%,16.3
2026-08-31,2,202,0.99%,11.7
2026-09-01,6,172,3.49%,6.7
2026-09-02,3,112,2.68%,7.1
2026-09-03,1,75,1.33%,11
2026-09-04,2,40,5%,19.1
2026-09-05,0,36,0%,18.9
2026-09-06,0,20,0%,7.5
2026-09-07,1,27,3.7%,12.6
2026-09-08,0,25,0%,8.3
2026-09-09,0,39,0%,5.8
2026-09-10,2,96,2.08%,6.2
2026-09-11,3,191,1.57%,7.9
2026-09-12,1,255,0.39%,7.9
2026-09-13,2,234,0.85%,8.1
2026-09-14,4,206,1.94%,7.4
2026-09-15,1,156,0.64%,7
2026-09-16,3,163,1.84%,8.2
2026-09-17,2,214,0.93%,7.2
2026-09-18,2,199,1.01%,7.8
2026-09-19,3,207,1.45%,8
2026-09-20,1,235,0.43%,7.2