Country,Clicks,Impressions,CTR,Position
India,70,2820,2.48%,12.95
United States,5,645,0.78%,12.79
United Kingdom,2,230,0.87%,12.75
Canada,2,53,3.77%,10.62
Pakistan,1,76,1.32%,6.5
United Arab Emirates,1,52,1.92%,6.9
Philippines,1,43,2.33%,13.21
Singapore,1,29,3.45%,6.48
Ireland,1,22,4.55%,7.86
Poland,1,12,8.33%,8.58
Malta,1,3,33.33%,8.33
France,0,91,0%,14.85
Australia,0,90,0%,9.18
Germany,0,50,0%,12.26
Italy,0,39,0%,11.95
South Africa,0,35,0%,6.46
Bangladesh,0,31,0%,8.1
Malaysia,0,28,0%,12.71
Spain,0,26,0%,8.81
Nepal,0,24,0%,5.17
Thailand,0,19,0%,9.11
New Zealand,0,15,0%,11.13
Brazil,0,14,0%,17.43
Nigeria,0,13,0%,6.62
Vietnam,0,13,0%,15.85
Indonesia,0,13,0%,20.92
Netherlands,0,11,0%,5.18
Saudi Arabia,0,11,0%,8.27
Qatar,0,10,0%,7.5
Portugal,0,9,0%,15.44
Mexico,0,9,0%,20.22
Kenya,0,8,0%,6.75
Russia,0,8,0%,15.12
China,0,7,0%,5.71
Trinidad & Tobago,0,7,0%,7.14
Greece,0,7,0%,12.57
Japan,0,7,0%,15.86
Kuwait,0,6,0%,4.5
Belgium,0,6,0%,5.33
Ukraine,0,6,0%,5.33
Ethiopia,0,6,0%,7.67
Hong Kong,0,6,0%,9
Uganda,0,6,0%,10.17
Belarus,0,5,0%,2.4
Norway,0,5,0%,7
Oman,0,5,0%,8.8
Austria,0,5,0%,18.2
Mauritius,0,5,0%,21.4
Hungary,0,5,0%,23.4
Lithuania,0,4,0%,2.75
Finland,0,4,0%,3.25
Taiwan,0,4,0%,4.75
Jersey,0,4,0%,6.25
Bhutan,0,4,0%,7
Zimbabwe,0,4,0%,7
Romania,0,4,0%,11.25
Namibia,0,3,0%,1
Bulgaria,0,3,0%,3.33
Tanzania,0,3,0%,3.67
Sri Lanka,0,3,0%,4.67
Venezuela,0,3,0%,6.33
Colombia,0,3,0%,6.67
Turkey,0,3,0%,7.67
Czechia,0,3,0%,14.67
Croatia,0,2,0%,2
South Korea,0,2,0%,3.5
Ecuador,0,2,0%,4
Slovakia,0,2,0%,4
Israel,0,2,0%,5
Sweden,0,2,0%,6
Jamaica,0,2,0%,6.5
Bahrain,0,2,0%,8.5
Iraq,0,2,0%,9
Lebanon,0,2,0%,9.5
Estonia,0,2,0%,10
Egypt,0,2,0%,14
Chile,0,2,0%,20.5
Morocco,0,2,0%,37
Argentina,0,1,0%,1
Latvia,0,1,0%,1
Mongolia,0,1,0%,2
Denmark,0,1,0%,3
Iceland,0,1,0%,5
Sierra Leone,0,1,0%,5
Aruba,0,1,0%,7
Papua New Guinea,0,1,0%,7
Gambia,0,1,0%,8
Guyana,0,1,0%,8
Botswana,0,1,0%,9
Congo - Kinshasa,0,1,0%,9
Ghana,0,1,0%,9
Tonga,0,1,0%,9
Jordan,0,1,0%,10
Maldives,0,1,0%,10
Malawi,0,1,0%,10
Albania,0,1,0%,11
Bahamas,0,1,0%,11
Algeria,0,1,0%,11
Tunisia,0,1,0%,21
Iran,0,1,0%,31
Peru,0,1,0%,31
Bosnia & Herzegovina,0,1,0%,41