Top pages,Clicks,Impressions,CTR,Position
https://carpenterwala.com/,40,446,8.97%,4.36
https://carpenterwala.com/blog/asian-paints-royale-vs-berger-silk-luxury-paint-comparison-guide,8,476,1.68%,7.12
https://carpenterwala.com/blog/flush-tank-running-continuously-diy-fix,5,113,4.42%,7.02
https://www.carpenterwala.com/,5,55,9.09%,3.04
https://carpenterwala.com/blog/how-to-change-damaged-health-faucet-jet-spray,4,302,1.32%,6.16
https://carpenterwala.com/blog/fall-ceiling-repair-cost-india,3,183,1.64%,4.16
https://carpenterwala.com/services/carpentry,3,117,2.56%,7.09
https://carpenterwala.com/find-a-professional,2,155,1.29%,13.46
https://carpenterwala.com/login,2,62,3.23%,3.55
https://carpenterwala.com/ram-singh,2,3,66.67%,5.33
http://carpenterwala.com/,1,764,0.13%,18.2
https://carpenterwala.com/services/painting,1,309,0.32%,45.12
https://carpenterwala.com/blog/how-to-fix-kitchen-bathroom-mixer-taps-leaks-diverter,1,295,0.34%,7.65
https://carpenterwala.com/blog/how-to-fix-bathroom-flush-tank-cistern-repairs,1,87,1.15%,11.28
https://carpenterwala.com/blog/how-to-refurbish-teak-wood-sanding-repolishing-doors-tables,1,53,1.89%,7.7
https://carpenterwala.com/services,1,53,1.89%,11.94
https://carpenterwala.com/blog/how-to-get-rid-of-pigeons-balcony-nets-spikes-diy-guide,1,47,2.13%,6.09
https://carpenterwala.com/blog/step-by-step-guide-changing-damaged-wall-switch-socket,1,46,2.17%,7.3
https://carpenterwala.com/blog/how-to-repaint-wooden-furniture-deco-pu-paint,1,41,2.44%,5.51
https://carpenterwala.com/blog/service-pro-free-registration-guide,1,41,2.44%,5.51
https://carpenterwala.com/blog/how-to-paint-rusted-window-grills-iron-gates-anti-rust-guide,1,25,4%,6.92
https://carpenterwala.com/blog/smart-home-electrical-upgrades,1,25,4%,30.88
https://carpenterwala.com/blog/fix-overhead-cabinet-hydraulic-struts-crooked-drawers,1,19,5.26%,15.58
https://carpenterwala.com/blog/wd-40-vs-m-seal-vs-araldite-diy-guide-uses,0,152,0%,4.56
https://carpenterwala.com/blog/how-to-choose-primer-vs-putty-when-to-skip-guide,0,134,0%,8.36
http://www.carpenterwala.com/,0,127,0%,12.74
https://carpenterwala.com/blog/wood-polish-vs-laminate-finish,0,122,0%,7.4
https://carpenterwala.com/blog/how-to-calculate-paint-coverage-litres-needed-guide,0,87,0%,7.17
https://carpenterwala.com/contact,0,75,0%,11.51
https://carpenterwala.com/about,0,74,0%,4.62
https://carpenterwala.com/sitemap,0,50,0%,4.04
https://carpenterwala.com/services/plumbing,0,49,0%,12.29
https://carpenterwala.com/blog/fixing-stuck-drawers-jammed-sliding-wardrobe-tracks,0,47,0%,9.15
https://carpenterwala.com/blog/carpenter-vs-modular-furniture,0,42,0%,12.62
https://carpenterwala.com/faq,0,40,0%,6.15
https://carpenterwala.com/blog/diy-guide-replacing-broken-door-lock,0,39,0%,8.05
https://carpenterwala.com/terms,0,38,0%,6.68
https://carpenterwala.com/privacy,0,38,0%,9.61
https://carpenterwala.com/blog,0,32,0%,3.31
https://carpenterwala.com/help,0,31,0%,7.16
https://carpenterwala.com/blog/doorbell-not-working-fix-replace-wireless-guide,0,31,0%,9.65
https://carpenterwala.com/how-it-works,0,30,0%,19.2
https://carpenterwala.com/services/electrical,0,29,0%,14.41
https://carpenterwala.com/blog/how-to-drill-wall-without-cracking-tiles-hitting-wires,0,28,0%,12
https://carpenterwala.com/blog/how-to-estimate-interior-painting-cost-distemper-emulsion-royale,0,26,0%,7.38
https://carpenterwala.com/blog/tighten-sagging-clothesline-taut-line-hitch-turnbuckle-guide,0,24,0%,7.79
https://carpenterwala.com/pro/login,0,23,0%,6.57
https://carpenterwala.com/blog/tubelight-flickering-replacement-led-batten-upgrade,0,21,0%,7.24
https://carpenterwala.com/blog/how-to-wall-mount-tv-safely-step-by-step-guide,0,20,0%,9.45
https://carpenterwala.com/blog/how-to-install-magnetic-door-catchers-tower-bolts,0,16,0%,7.75
https://carpenterwala.com/services/plumbing/jigani,0,15,0%,7.67
https://carpenterwala.com/blog/rust-proofing-metal-grills,0,15,0%,8.07
https://carpenterwala.com/blog/ro-water-filter-cleaning-replacement-guide,0,13,0%,14.08
https://carpenterwala.com/blog/how-to-fix-noisy-wobbling-slow-ceiling-fan,0,12,0%,13.42
https://carpenterwala.com/blog/5-essential-carpentry-tips,0,11,0%,7.09
https://carpenterwala.com/blog/fix-wall-cracks-flaking-paint-nail-holes-putty-guide,0,11,0%,8.82
https://carpenterwala.com/blog/how-to-fix-ground-dampness-capillary-action-walls,0,11,0%,16.64
https://carpenterwala.com/blog/how-to-clear-drainage-p-trap-clogs-sewer-smell,0,10,0%,10.1
https://carpenterwala.com/blog/ultimate-home-tool-kit-checklist-indian-household-guide,0,10,0%,17.1
https://carpenterwala.com/blog/how-to-waterproof-paint-balcony-exterior-walls-monsoon-guide,0,9,0%,7.89
https://carpenterwala.com/find-a-professional?category=Carpenter,0,9,0%,15.11
https://carpenterwala.com/blog/how-to-fix-squeaky-misaligned-loose-door-hinges,0,9,0%,19.89
https://carpenterwala.com/blog/how-to-fix-dripping-sink-basin-faucet,0,8,0%,5.88
https://carpenterwala.com/services/plumbing/thanisandra,0,8,0%,7
https://carpenterwala.com/blog/modern-wardrobe-ergonomics,0,8,0%,9.38
https://carpenterwala.com/services/carpentry/koramangala,0,8,0%,9.62
https://carpenterwala.com/blog/mcb-vs-elcb-understanding-safety,0,8,0%,12.12
https://carpenterwala.com/services/plumbing/banashankari,0,8,0%,13.38
https://carpenterwala.com/blog/diy-balcony-privacy-pigeon-nets-bamboo-mats-artificial-grass,0,7,0%,3.86
https://carpenterwala.com/blog/how-to-hang-photo-frames-clocks-mirrors-straight,0,7,0%,8.14
https://carpenterwala.com/services/plumbing/jayanagar,0,7,0%,11.57
https://carpenterwala.com/services/plumbing/indiranagar,0,7,0%,17.57
https://carpenterwala.com/blog/remove-hard-water-scaling-taps-tiles-vinegar-guide,0,6,0%,7
https://carpenterwala.com/services/plumbing/kothanur,0,6,0%,7.83
https://carpenterwala.com/blog/vastu-for-home-carpentry,0,5,0%,2.2
https://carpenterwala.com/blog/why-painted-walls-bubble-peel-root-causes-and-fix,0,5,0%,4.6
https://carpenterwala.com/services/electrical/kothanur,0,5,0%,7.4
https://carpenterwala.com/blog/dangers-of-old-wiring,0,5,0%,8.2
https://carpenterwala.com/blog/unclogging-bathroom-kitchen-drains-household-items,0,5,0%,8.8
https://carpenterwala.com/services/plumbing/koramangala,0,5,0%,10.2
https://carpenterwala.com/blog/how-to-fix-leaking-pipe-dripping-tap,0,4,0%,4.25
https://carpenterwala.com/blog/diy-balcony-automatic-drip-irrigation-setup-guide,0,4,0%,7.25
https://carpenterwala.com/services/electrical/koramangala,0,4,0%,7.5
https://carpenterwala.com/services/carpentry/thanisandra,0,4,0%,8.5
https://carpenterwala.com/services/electrical/hennur,0,4,0%,8.5
https://carpenterwala.com/blog/how-to-fix-ceiling-seepage-patches-stains-leak,0,4,0%,8.75
https://carpenterwala.com/blog/preventing-common-plumbing-issues,0,4,0%,11.5
https://carpenterwala.com/services/carpentry/hsr-layout,0,4,0%,18.25
https://carpenterwala.com/services/plumbing/whitefield,0,4,0%,23.25
https://carpenterwala.com/blog/kitchen-cabinet-materials-guide,0,4,0%,28.75
https://carpenterwala.com/pro/login?lang=hi,0,3,0%,3
https://carpenterwala.com/blog/emergency-pipe-repair-guide,0,3,0%,7.33
https://carpenterwala.com/services/plumbing/bellandur,0,3,0%,9
https://carpenterwala.com/services/electrical/thanisandra,0,3,0%,10.33
https://carpenterwala.com/services/painting/koramangala,0,3,0%,10.33
https://carpenterwala.com/blog/modern-wall-panel-designs,0,3,0%,12.67
https://carpenterwala.com/services/plumbing/jp-nagar,0,3,0%,16.33
https://carpenterwala.com/find-a-professional?category=Painting,0,2,0%,2
https://carpenterwala.com/arjun-kumar,0,2,0%,5
https://carpenterwala.com/services/electrical/solur,0,2,0%,5
https://carpenterwala.com/blog/regenerate-hard-potting-soil-repot-balcony-plants-guide,0,2,0%,6.5
https://carpenterwala.com/find-a-professional?category=Painter,0,2,0%,7
https://carpenterwala.com/blog/electrical-safety-basics-testers-tape-mcbs-guide,0,2,0%,8
https://carpenterwala.com/services/electrical/banashankari,0,2,0%,10
https://carpenterwala.com/services/plumbing/hsr-layout,0,2,0%,18
https://carpenterwala.com/services/painting/indiranagar,0,2,0%,19.5
https://carpenterwala.com/arujn-electriciantest,0,2,0%,31.5
https://carpenterwala.com/blog/solving-hard-water-issues-bangalore,0,2,0%,36.5
https://carpenterwala.com/blog/asian-painless-royale-vs-berger-silk-luxury-paint-comparison-guide,0,1,0%,1
https://carpenterwala.com/blog/asian-paints-royale-vs-silk-luxury-paint-comparison-guide,0,1,0%,1
https://carpenterwala.com/blog/how-get-rid-pigeons-balcony-nets-spikes-diy-guide,0,1,0%,1
https://carpenterwala.com/blog/bangalore-home-maintenance-checklist,0,1,0%,2
https://carpenterwala.com/blog/how-to-fix-bathroom-wall-efflorescence-salt-formation,0,1,0%,5
https://carpenterwala.com/services/plumbing/nayandahalli,0,1,0%,5
https://carpenterwala.com/blog/bangalore-mein-carpenter-painter-plumber-direct-kaam-zero-commission,0,1,0%,6
https://carpenterwala.com/blog/solar-energy-home-integration,0,1,0%,7
https://carpenterwala.com/find-a-professional?category=Plumber&location=Delhi,0,1,0%,8
https://carpenterwala.com/blog/termite-prevention-guide,0,1,0%,9
https://carpenterwala.com/services/painting/hennur,0,1,0%,9
https://carpenterwala.com/services/painting/jigani,0,1,0%,10
https://carpenterwala.com/services/electrical/jigani,0,1,0%,11
https://carpenterwala.com/services/painting/thanisandra,0,1,0%,11
https://carpenterwala.com/syed-nowman,0,1,0%,12
https://carpenterwala.com/services/painting/nayandahalli,0,1,0%,16
https://carpenterwala.com/blog/diwali-home-renovation-checklist,0,1,0%,19
https://carpenterwala.com/services/carpentry/whitefield,0,1,0%,21
https://carpenterwala.com/find-a-professional?category=Painter&location=Mumbai,0,1,0%,25
https://carpenterwala.com/services/painting/hsr-layout,0,1,0%,25
https://carpenterwala.com/blog/hiring-a-professional-checklist,0,1,0%,51
https://carpenterwala.com/anji-painter,0,1,0%,77