Top queries,Clicks,Impressions,CTR,Position
carpenterwala,14,41,34.15%,1.32
carpenter wala,11,165,6.67%,5.03
how much can this cost,1,1,100%,1
yes,1,1,100%,5
carpenter in bangalore,0,18,0%,69.44
smart home electrical upgrades,0,12,0%,27.58
plastic paint coverage per litre,0,11,0%,7.73
carpenter bangalore,0,11,0%,71.18
carpenter in banglour,0,10,0%,58
plumber jigani,0,9,0%,7.89
carpenter near me,0,9,0%,17.78
carpenter service banglore,0,9,0%,67.67
berger silk glamour vs asian paints royale shyne,0,8,0%,5.88
painting quotation,0,8,0%,49.25
plumber jayanagar,0,7,0%,11.57
carpenter in dabaspet bangalore,0,6,0%,1
araldite vs m seal,0,6,0%,2.17
carpenter in thanisandra bengaluru with phone number,0,6,0%,4.33
m seal vs araldite,0,5,0%,4.8
berger easy clean vs asian paints royale,0,5,0%,10
"carpenter near sheshagirihalli, bangalore with phone number",0,5,0%,15
"furniture carpenter contractor near jigani, bangalore with phone number",0,5,0%,39
painter cost per day in bangalore,0,5,0%,41.2
carpenter portal,0,4,0%,1.25
ceiling repair cost per square foot,0,4,0%,3.75
jet spray change,0,4,0%,5
how to open health faucet tap,0,4,0%,7.25
toilet flush tank repair,0,4,0%,9.25
distemper paint vs royale paint,0,4,0%,10
carpenter in attibele bangalore,0,4,0%,11
"carpenter near solur, bangalore with phone number",0,4,0%,11
wall painting cost in bangalore,0,4,0%,16.75
painter near me prices,0,4,0%,27.25
smart home wiring design ideas 2026,0,4,0%,41.25
araldite vs mseal,0,3,0%,3.67
araldite or m seal which is better,0,3,0%,4.33
painterwala,0,3,0%,8
bathroom mixer tap leaking from spout,0,3,0%,9
jet spray handle broken,0,3,0%,9.33
"carpenter in hennur, bangalore with phone number",0,3,0%,24.33
bathroom mixer tap leaking,0,3,0%,27
banashankari 3rd stage bangalore carpenter with phone number,0,3,0%,34.33
kitchen tap leaking at swivel,0,3,0%,38.33
smart electrical upgrade,0,3,0%,52
toilet cistern repair,0,3,0%,54.67
carpenter in dabaspet bangalore with phone number,0,2,0%,1
how much cost,0,2,0%,2
carpenter company in india,0,2,0%,4.5
carpenter near me within 1.6 km,0,2,0%,5
m seal or araldite which is better,0,2,0%,5.5
.com,0,2,0%,6.5
m seal araldite,0,2,0%,6.5
m seal equivalent in usa,0,2,0%,7.5
putty vs primer,0,2,0%,8.5
wall putty vs primer,0,2,0%,8.5
how to fix switch socket,0,2,0%,9
how to open jet spray head,0,2,0%,9
how to fix wall socket switch,0,2,0%,9.5
coms,0,2,0%,10
continuity tester blinkit,0,2,0%,10
painting services in bangalore cost,0,2,0%,18
mixer tap leaking from swivel base,0,2,0%,24.5
what is the difference between putty and primer in wall finishing,0,2,0%,27.5
expert finish painting,0,2,0%,29
painting charges per square foot in bangalore,0,2,0%,29
primer and putty,0,2,0%,33.5
carpenter in banashankri bangalore with phone number,0,2,0%,36
"carpenter near banshankari, bangalore with phone number",0,2,0%,36
kitchen mixer taps leaking,0,2,0%,39
door painting price,0,2,0%,50
"carpenter in nagar, bangalore with phone number",0,2,0%,51
paint quotation,0,2,0%,61
how much to paint a basement,0,2,0%,61.5
toilet cistern repairs,0,2,0%,71
wood work and carpenters services in bangalore,0,2,0%,96
bathroom ceiling repair cost,0,1,0%,1
bleaching powder?,0,1,0%,1
"carpenter near dwarka, delhi",0,1,0%,1
carpenter registration,0,1,0%,1
ceiling plaster repair cost,0,1,0%,1
ceiling sagging repair cost,0,1,0%,1
cost,0,1,0%,1
cost to repair ceiling cracks,0,1,0%,1
how to fix it,0,1,0%,1
plastic paint vs royale paint price,0,1,0%,1
police verification online fees,0,1,0%,1
por los dos lados,0,1,0%,1
repair ceiling,0,1,0%,1
site:carpenterwala.com,0,1,0%,1
what is deco paint for wood,0,1,0%,1
what is the cost for this,0,1,0%,1
fix a leak,0,1,0%,2
how much does it cost to fix this,0,1,0%,2
how much will it cost,0,1,0%,2
india,0,1,0%,2
inr,0,1,0%,2
leaking from both,0,1,0%,2
pop,0,1,0%,2
total,0,1,0%,2
welcome,0,1,0%,2
what about mseal,0,1,0%,2
where has it gone?,0,1,0%,2
which paint is better,0,1,0%,2
why is mine leaking,0,1,0%,2
протікає,0,1,0%,2
carpentry tips for homeowners,0,1,0%,3
exposed wall mixer,0,1,0%,3
is this worn out,0,1,0%,3
se queda completamente muerto,0,1,0%,3
turpine oil,0,1,0%,3
water leaking,0,1,0%,3
има теч,0,1,0%,3
for ceiling repair,0,1,0%,4
how much it cost,0,1,0%,4
silk glamour,0,1,0%,4
deco paint for wood furniture,0,1,0%,5
no,0,1,0%,5
ok link,0,1,0%,5
"""rusted"" ""turpentine"" ""kerosene"" book",0,1,0%,6
after plaster putty or primer which is better,0,1,0%,6
asian paints royale shyne vs berger silk glamour,0,1,0%,7
bis issue,0,1,0%,7
carpentry india,0,1,0%,7
for ceiling,0,1,0%,7
how to change jet spray pipe,0,1,0%,7
how to change switch socket,0,1,0%,7
how to fix wall mixer tap,0,1,0%,7
jet spray trigger broken,0,1,0%,7
previously stained,0,1,0%,7
putty and primer,0,1,0%,7
wardrobe door,0,1,0%,7
how to change health faucet,0,1,0%,8
jet spray broken,0,1,0%,8
putty or primer first,0,1,0%,8
carpenter plumbing,0,1,0%,9
cracks,0,1,0%,9
havells wireless doorbell not working,0,1,0%,9
how to deco paint furniture at home,0,1,0%,9
how to use a turnbuckle on a clothesline,0,1,0%,9
kitchen mixer tap leaking from swivel,0,1,0%,9
primer or putty first,0,1,0%,9
primer vs putty,0,1,0%,9
primer vs wall putty,0,1,0%,9
1 litre paint coverage area 2 coat,0,1,0%,10
1l paint coverage area,0,1,0%,10
how to fix flush tank,0,1,0%,10
how to repair commode flush tank,0,1,0%,10
primer first or putty,0,1,0%,10
1 liter plastic paint coverage area,0,1,0%,11
concealed flush tank water not stopping,0,1,0%,11
kitchen mixer tap leaking at swivel,0,1,0%,11
primer on putty,0,1,0%,11
putty first or primer first,0,1,0%,11
primer before wall putty,0,1,0%,12
teak door polish types,0,1,0%,12
plumber hsr layout,0,1,0%,15
bath shower mixer diverter leaking,0,1,0%,16
shower mixer diverter leaking,0,1,0%,17
professional carpentry services,0,1,0%,18
total pro painters,0,1,0%,18
pro painting and carpentry,0,1,0%,19
multimeter price blinkit,0,1,0%,20
carpenter in hsr layout,0,1,0%,21
carpenter in kothanur bangalore with phone number,0,1,0%,21
"carpenter near bagepalli, bangalore with phone number",0,1,0%,21
"carpenter near vijay nagar, bangalore with phone number",0,1,0%,21
plumbers delhi,0,1,0%,21
do carpenters build furniture,0,1,0%,22
in blinkit,0,1,0%,23
is putty necessary before painting,0,1,0%,23
house painting in bangalore cost,0,1,0%,24
carpenters plumbers painnters,0,1,0%,25
painters in hsr layout,0,1,0%,25
painting cost per square foot in bangalore,0,1,0%,25
toilet siphon repair,0,1,0%,25
wala repairs,0,1,0%,25
how to mount a tv safely,0,1,0%,26
professional house painting services,0,1,0%,26
zurn flush valve keeps running,0,1,0%,27
repair toilet syphon,0,1,0%,28
professional painters vervale,0,1,0%,29
carpenters services in rt nagar bangalore,0,1,0%,31
leaking mixer tap in kitchen,0,1,0%,31
how to prevent capillary action in buildings,0,1,0%,33
plumbers lake city,0,1,0%,33
how to stop capillary action on walls,0,1,0%,35
water purifier cleaning,0,1,0%,36
plug in doorbell not working,0,1,0%,38
how much do professional painters cost,0,1,0%,39
book carpenter online bangalore,0,1,0%,40
"carpenter near kolur, bangalore with phone number",0,1,0%,41
how much does it cost to hire a painter to paint a room,0,1,0%,42
treating rising damp,0,1,0%,43
how to fix a wobbly ceiling fan,0,1,0%,44
irving handyman,0,1,0%,45
repair mixer tap leak,0,1,0%,45
cost to professionally paint interior of house,0,1,0%,47
electricians near me free estimates,0,1,0%,49
victor handyman services,0,1,0%,49
carpenter online booking,0,1,0%,50
bayview handyman,0,1,0%,51
cost for decorator to paint a room,0,1,0%,51
cost to paint doors,0,1,0%,51
cost to repaint home interior,0,1,0%,51
handyman kendal,0,1,0%,51
how much does it cost to get your walls painted,0,1,0%,51
tradesman find,0,1,0%,51
wm carpentry,0,1,0%,51
book a tradesman,0,1,0%,52
cost to paint door,0,1,0%,52
how much does it cost to paint a mobile home interior,0,1,0%,52
how much is a painter decorator,0,1,0%,52
average cost to repaint interior of house,0,1,0%,53
cabinet drawer won't stay closed,0,1,0%,53
cover it painting,0,1,0%,53
finding tradesmen,0,1,0%,53
house painter rates per hour,0,1,0%,53
where not to drill in a wall,0,1,0%,53
wireless doorbell problems,0,1,0%,53
how much does it cost to paint a condo,0,1,0%,54
how much to repaint a door,0,1,0%,54
valley wide carpentry,0,1,0%,54
how much do painters charge to paint a fence,0,1,0%,55
how much does it cost to have your house painted inside,0,1,0%,55
how much does it cost to paint a room yourself,0,1,0%,55
how much does it cost to pay someone to paint a room,0,1,0%,55
how much to repaint house interior,0,1,0%,55
teak wood refinishing,0,1,0%,55
tool kit essentials list,0,1,0%,55
how much does it cost to repaint walls,0,1,0%,56
how to charge for painting,0,1,0%,56
how to price interior painting jobs,0,1,0%,56
labor cost of painting per square meter,0,1,0%,56
repaint house interior cost,0,1,0%,56
checkatrade handyman near me,0,1,0%,57
checkatrade painting prices,0,1,0%,57
cost to repaint siding,0,1,0%,57
how much do paint jobs usually cost,0,1,0%,57
leaking mixer tap,0,1,0%,57
victor white handyman,0,1,0%,57
wall colour cost,0,1,0%,57
average labor cost to paint a room,0,1,0%,58
cost to paint 300 sq ft room,0,1,0%,58
cost to paint a door,0,1,0%,58
cost to paint window trim,0,1,0%,58
plumber wala,0,1,0%,58
checkatrade search by name,0,1,0%,59
handyman epping,0,1,0%,59
how much does it cost to repaint a door,0,1,0%,59
how much to paint a townhouse interior,0,1,0%,59
cost to paint kitchen,0,1,0%,60
paint cost,0,1,0%,60
painting vinyl siding cost,0,1,0%,60
carpenter service in bangalore,0,1,0%,61
grapevine handyman,0,1,0%,61
professional cabinet painting cost,0,1,0%,61
cost to paint a small bathroom,0,1,0%,62
how much does it cost to get a bathroom painted,0,1,0%,62
cistern repair,0,1,0%,63
cost to paint basement,0,1,0%,63
how much does it cost to get siding painted,0,1,0%,63
how much to paint a 5000 sq ft house,0,1,0%,63
how much to paint interior doors,0,1,0%,63
painter estimates,0,1,0%,63
finding a tradesman,0,1,0%,64
how much does decorating cost,0,1,0%,64
how much is professional cabinet painting,0,1,0%,64
how much is it to paint vinyl siding,0,1,0%,65
how much to paint my house,0,1,0%,66
how much to paint vinyl siding,0,1,0%,66
paint labour cost,0,1,0%,66
how much to paint siding,0,1,0%,67
how much does it cost to paint a 3200 square foot house,0,1,0%,69
how much should it cost to paint a bathroom,0,1,0%,69
3000 sq ft house paint cost,0,1,0%,70
average cost of painter and decorator,0,1,0%,70
how much does it cost to paint interior of house 1500 sq ft,0,1,0%,74
painter and decorator price list,0,1,0%,76
kitchen repaint cost,0,1,0%,79
painting and decorating costs,0,1,0%,79
bangalore carpenter contact number,0,1,0%,83
painter decorator prices,0,1,0%,83
how much does it cost to paint a fireplace,0,1,0%,85